id,date,store_nbr,family,sales,onpromotion
2483653,2016-10-28,46,CLEANING,2576.0,61
2761877,2017-04-03,52,DAIRY,0.0,0
1217988,2014-11-16,33,MEATS,357.354,2
1231938,2014-11-24,25,HOME AND KITCHEN I,5.0,0
528175,2013-10-24,29,EGGS,0.0,0
1556448,2015-05-26,30,BEVERAGES,1252.0,0
1307554,2015-01-06,46,POULTRY,1052.111,2
1063711,2014-08-21,54,"LIQUOR,WINE,BEER",20.0,0
25515,2013-01-15,25,CELEBRATION,0.0,0
2267762,2016-06-29,39,BEAUTY,7.0,0
88001,2013-02-19,28,MAGAZINES,0.0,0
463208,2013-09-17,6,LAWN AND GARDEN,1.0,0
492186,2013-10-04,19,MEATS,159.022,0
686609,2014-01-22,24,FROZEN FOODS,111.0,0
907254,2014-05-26,15,HOME CARE,0.0,0
1619353,2015-06-30,45,EGGS,329.0,0
2739971,2017-03-22,38,HARDWARE,1.0,0
2279180,2016-07-06,1,BEAUTY,2.0,1
2683297,2017-02-18,48,BABY CARE,0.0,0
1071702,2014-08-26,29,PLAYERS AND ELECTRONICS,0.0,0
2663310,2017-02-07,37,GROCERY I,3961.0,53
2579933,2016-12-21,47,PET SUPPLIES,32.0,1
1911703,2015-12-11,48,GROCERY II,55.0,0
496055,2013-10-06,27,SEAFOOD,29.984,0
1716889,2015-08-24,31,SCHOOL AND OFFICE SUPPLIES,1.0,0
2454710,2016-10-12,34,BREAD/BAKERY,543.0,8
1181629,2014-10-27,13,SCHOOL AND OFFICE SUPPLIES,0.0,0
1281943,2014-12-22,28,PERSONAL CARE,445.0,0
2487892,2016-10-31,15,"LIQUOR,WINE,BEER",16.0,2
800225,2014-03-27,12,DAIRY,305.0,0
1091467,2014-09-06,33,PERSONAL CARE,228.0,0
2819130,2017-05-06,1,CELEBRATION,15.0,0
1152033,2014-10-10,33,BEVERAGES,1315.0,2
5533,2013-01-04,14,"LIQUOR,WINE,BEER",42.0,0
2201003,2016-05-23,16,BEAUTY,0.0,0
2709533,2017-03-05,34,BEAUTY,3.0,1
575546,2013-11-19,8,PET SUPPLIES,0.0,0
1963289,2016-01-10,45,LAWN AND GARDEN,18.0,0
295647,2013-06-15,54,AUTOMOTIVE,9.0,0
635055,2013-12-23,28,BEVERAGES,1177.0,0
351917,2013-07-17,33,BREAD/BAKERY,210.0,0
2384446,2016-09-03,12,SCHOOL AND OFFICE SUPPLIES,13.0,6
1620866,2015-07-01,38,BREAD/BAKERY,697.348,3
2269923,2016-06-30,49,HOME CARE,327.0,1
369123,2013-07-27,16,HOME CARE,0.0,0
2803695,2017-04-27,26,HOME AND KITCHEN I,16.0,2
377330,2013-07-31,46,DAIRY,584.0,0
1429586,2015-03-16,20,PET SUPPLIES,0.0,0
221694,2013-05-05,3,AUTOMOTIVE,10.0,0
649683,2014-01-01,38,GROCERY I,0.0,0
1328665,2015-01-18,39,LADIESWEAR,0.0,0
2598821,2017-01-02,28,BREAD/BAKERY,996.0,2
2233190,2016-06-10,19,HARDWARE,0.0,0
292486,2013-06-14,16,CLEANING,592.0,0
2591213,2016-12-29,14,LAWN AND GARDEN,0.0,0
1589656,2015-06-14,12,GROCERY II,5.0,0
2838027,2017-05-16,39,PLAYERS AND ELECTRONICS,9.0,0
234341,2013-05-12,34,DAIRY,166.0,0
1684020,2015-08-06,1,PRODUCE,2275.885,0
922900,2014-06-03,53,"LIQUOR,WINE,BEER",18.0,0
402728,2013-08-14,9,PREPARED FOODS,77.0,0
1623778,2015-07-03,2,GROCERY II,31.0,0
717220,2014-02-08,32,SCHOOL AND OFFICE SUPPLIES,0.0,0
1363925,2015-02-07,29,BEAUTY,0.0,0
2967479,2017-07-28,21,LAWN AND GARDEN,4.0,0
2899221,2017-06-19,7,CELEBRATION,16.0,0
1954652,2016-01-05,52,PREPARED FOODS,0.0,0
82075,2013-02-16,12,BOOKS,0.0,0
2182823,2016-05-12,6,BREAD/BAKERY,487.154,15
957759,2014-06-23,32,AUTOMOTIVE,4.0,0
2305848,2016-07-20,8,CELEBRATION,26.0,0
937306,2014-06-11,9,CLEANING,1245.0,0
1056503,2014-08-17,52,DAIRY,0.0,0
202123,2013-04-24,3,SCHOOL AND OFFICE SUPPLIES,0.0,0
1199451,2014-11-06,14,AUTOMOTIVE,1.0,0
2106790,2016-03-31,22,BOOKS,0.0,0
1067545,2014-08-24,12,POULTRY,246.716,0
121856,2013-03-10,28,LAWN AND GARDEN,0.0,0
1361367,2015-02-05,7,HOME CARE,0.0,0
1251145,2014-12-05,14,HOME AND KITCHEN II,4.0,0
1788981,2015-10-03,54,HOME CARE,296.0,2
1578381,2015-06-07,45,MEATS,1927.81,0
1921720,2015-12-17,29,SCHOOL AND OFFICE SUPPLIES,1.0,0
2652750,2017-02-01,40,GROCERY I,6073.0,39
775935,2014-03-13,30,CELEBRATION,3.0,0
2739389,2017-03-22,21,PET SUPPLIES,5.0,1
1220808,2014-11-18,13,CELEBRATION,6.0,0
277687,2013-06-05,5,PERSONAL CARE,175.0,0
313583,2013-06-25,8,HOME APPLIANCES,2.0,0
812905,2014-04-03,18,HOME AND KITCHEN II,0.0,0
1431766,2015-03-17,31,POULTRY,155.723,1
1775039,2015-09-26,14,BEAUTY,2.0,0
2932773,2017-07-08,47,PRODUCE,6112.877,15
2716355,2017-03-09,25,PET SUPPLIES,2.0,0
301378,2013-06-19,15,"LIQUOR,WINE,BEER",24.0,0
2275403,2016-07-03,52,LAWN AND GARDEN,0.0,0
2218478,2016-06-01,6,LAWN AND GARDEN,0.0,0
2324883,2016-07-31,41,AUTOMOTIVE,13.0,0
2512455,2016-11-13,54,AUTOMOTIVE,10.0,0
1293380,2014-12-29,49,FROZEN FOODS,1206.576,5
2071795,2016-03-11,4,"LIQUOR,WINE,BEER",115.0,0
2227992,2016-06-07,22,PRODUCE,459.99,76
1596937,2015-06-18,17,BABY CARE,0.0,0
895427,2014-05-19,33,BREAD/BAKERY,287.0,0
2968188,2017-07-28,41,BEVERAGES,2490.0,0
1276946,2014-12-19,38,FROZEN FOODS,2003.811,2
2520739,2016-11-18,37,BABY CARE,0.0,0
2077047,2016-03-14,37,PLAYERS AND ELECTRONICS,15.0,0
2387780,2016-09-04,6,SEAFOOD,78.716,2
1139090,2014-10-03,2,PREPARED FOODS,121.858,1
2800458,2017-04-25,35,GROCERY I,1601.036,62
2563867,2016-12-12,46,SCHOOL AND OFFICE SUPPLIES,9.0,0
1904863,2015-12-07,7,BOOKS,0.0,0
1136916,2014-10-02,1,AUTOMOTIVE,2.0,0
2928703,2017-07-06,33,LADIESWEAR,0.0,0
2702601,2017-03-01,4,AUTOMOTIVE,2.0,0
2136562,2016-04-16,8,EGGS,480.0,1
2846009,2017-05-21,13,MAGAZINES,1.0,0
1772558,2015-09-24,43,PREPARED FOODS,72.0,0
2166424,2016-05-03,45,CLEANING,2548.0,12
110041,2013-03-03,46,LADIESWEAR,0.0,0
2397765,2016-09-10,36,HOME CARE,249.0,7
2239583,2016-06-13,48,BREAD/BAKERY,711.26,3
880069,2014-05-10,51,PERSONAL CARE,418.0,0
824638,2014-04-09,47,BABY CARE,0.0,0
37169,2013-01-21,51,FROZEN FOODS,133.982,0
2023508,2016-02-13,35,HARDWARE,0.0,0
1902519,2015-12-06,40,BEVERAGES,3700.0,1
2273241,2016-07-02,42,BEVERAGES,3601.0,8
691061,2014-01-24,49,DAIRY,1445.0,0
1483376,2015-04-15,3,PET SUPPLIES,0.0,0
1882552,2015-11-25,30,BABY CARE,0.0,0
948320,2014-06-18,17,SEAFOOD,8.0,0
1372395,2015-02-12,16,MEATS,89.832,10
1164175,2014-10-17,24,BABY CARE,0.0,0
706460,2014-02-02,30,PREPARED FOODS,22.0,0
1748540,2015-09-11,20,BEAUTY,1.0,0
626040,2013-12-18,24,PRODUCE,0.0,0
2137014,2016-04-17,20,AUTOMOTIVE,9.0,0
2469556,2016-10-20,50,BABY CARE,0.0,0
1772334,2015-09-24,38,BEVERAGES,1823.0,7
1582157,2015-06-09,51,BREAD/BAKERY,782.317,0
1981150,2016-01-20,46,POULTRY,846.539,2
1558159,2015-05-27,28,SCHOOL AND OFFICE SUPPLIES,0.0,0
194383,2013-04-20,13,GROCERY II,8.0,0
1098249,2014-09-10,24,DELI,190.112,0
2100826,2016-03-27,54,GROCERY II,16.0,2
713500,2014-02-06,29,CLEANING,0.0,0
1065408,2014-08-22,52,BEVERAGES,0.0,0
1873303,2015-11-20,20,PERSONAL CARE,275.0,0
438973,2013-09-04,26,CLEANING,574.0,0
179424,2013-04-11,43,BEVERAGES,1024.0,0
727718,2014-02-14,28,BEAUTY,0.0,0
632570,2013-12-21,8,PET SUPPLIES,0.0,0
1968938,2016-01-13,53,PET SUPPLIES,0.0,0
1174744,2014-10-23,20,EGGS,0.0,0
27280,2013-01-16,24,"LIQUOR,WINE,BEER",65.0,0
2286880,2016-07-10,25,GROCERY II,10.0,0
795554,2014-03-24,30,MAGAZINES,1.0,0
1163940,2014-10-17,17,PRODUCE,436.301,0
2942166,2017-07-14,11,HOME CARE,442.0,13
2788556,2017-04-18,50,MAGAZINES,5.0,0
1333743,2015-01-21,31,HOME AND KITCHEN I,8.0,0
562065,2013-11-12,3,DELI,282.49,0
384267,2013-08-04,40,HOME AND KITCHEN I,0.0,0
2239587,2016-06-13,48,DELI,507.761,8
2067343,2016-03-09,15,PERSONAL CARE,183.0,8
1042838,2014-08-10,2,BREAD/BAKERY,554.413,1
1747437,2015-09-10,39,LINGERIE,4.0,0
1135241,2014-10-01,12,DAIRY,348.0,1
626869,2013-12-18,48,BABY CARE,0.0,0
487101,2013-10-01,26,LINGERIE,6.0,0
2107058,2016-03-31,3,DAIRY,1872.0,1
13514,2013-01-08,38,HOME APPLIANCES,0.0,0
1688259,2015-08-08,29,GROCERY I,3019.294,4
1709872,2015-08-20,35,EGGS,246.0,0
246114,2013-05-19,15,AUTOMOTIVE,9.0,0
2064744,2016-03-07,42,AUTOMOTIVE,2.0,0
839220,2014-04-17,6,PRODUCE,13.0,0
377169,2013-07-31,41,GROCERY I,1946.0,0
342120,2013-07-11,9,DELI,368.824,0
2168433,2016-05-04,51,BEVERAGES,5503.0,34
1296780,2014-12-31,44,GROCERY I,7743.0,14
286060,2013-06-10,35,HOME AND KITCHEN II,0.0,0
1349966,2015-01-30,37,BEAUTY,2.0,1
924084,2014-06-04,37,HOME CARE,0.0,0
1565156,2015-05-31,24,SEAFOOD,58.285,0
2193275,2016-05-18,48,PREPARED FOODS,93.109,1
2791386,2017-04-20,30,HOME AND KITCHEN I,14.0,1
2213672,2016-05-30,20,SEAFOOD,8.0,1
2422459,2016-09-24,29,POULTRY,191.703,0
868325,2014-05-04,22,PREPARED FOODS,0.0,0
957605,2014-06-23,28,FROZEN FOODS,24.0,0
2144001,2016-04-21,16,MEATS,80.012,14
1460106,2015-04-02,27,LINGERIE,5.0,0
1973320,2016-01-16,27,LADIESWEAR,8.0,0
956480,2014-06-22,46,DAIRY,2381.0,0
1084895,2014-09-02,49,LAWN AND GARDEN,19.0,0
1024592,2014-07-30,8,DAIRY,1369.0,0
169454,2013-04-06,13,SEAFOOD,7.0,0
1156086,2014-10-12,46,PRODUCE,4526.018,2
2509289,2016-11-12,16,BEAUTY,4.0,1
710483,2014-02-04,43,PET SUPPLIES,0.0,0
1630771,2015-07-07,16,EGGS,250.0,0
272972,2013-06-03,18,PREPARED FOODS,58.0,0
1290175,2014-12-28,1,CLEANING,169.0,0
1798714,2015-10-09,28,HOME AND KITCHEN II,14.0,0
384467,2013-08-04,46,HOME APPLIANCES,1.0,0
449117,2013-09-10,10,LAWN AND GARDEN,0.0,0
1839476,2015-11-01,21,MAGAZINES,3.0,0
1352173,2015-01-31,48,SCHOOL AND OFFICE SUPPLIES,0.0,0
2748653,2017-03-27,31,HOME APPLIANCES,0.0,0
668217,2014-01-11,9,AUTOMOTIVE,10.0,0
2834013,2017-05-14,27,CELEBRATION,24.0,0
1754336,2015-09-14,32,MAGAZINES,0.0,0
747179,2014-02-25,23,PET SUPPLIES,0.0,0
1779473,2015-09-28,38,HARDWARE,3.0,0
1179019,2014-10-25,4,POULTRY,599.023,0
2986508,2017-08-07,6,DAIRY,995.0,24
451635,2013-09-11,30,PRODUCE,0.0,0
2136213,2016-04-16,47,MEATS,913.115,3
2642696,2017-01-26,9,MAGAZINES,2.0,0
71475,2013-02-10,14,PRODUCE,0.0,0
1335006,2015-01-22,17,MEATS,289.977,17
169705,2013-04-06,20,LADIESWEAR,0.0,0
2855784,2017-05-26,37,PRODUCE,2964.638,10
808776,2014-03-31,51,GROCERY I,4121.0,0
1756254,2015-09-15,36,PLAYERS AND ELECTRONICS,5.0,0
2222861,2016-06-04,29,HARDWARE,0.0,0
711580,2014-02-05,25,BABY CARE,0.0,0
827455,2014-04-11,26,GROCERY II,0.0,0
1862260,2015-11-14,11,BOOKS,0.0,0
595041,2013-11-30,54,HOME CARE,0.0,0
2760957,2017-04-03,27,GROCERY I,4090.0,35
1994082,2016-01-28,1,MEATS,200.398,0
1324848,2015-01-16,31,PRODUCE,0.0,0
356999,2013-07-20,26,BREAD/BAKERY,314.0,0
1387291,2015-02-20,34,BOOKS,0.0,0
2931999,2017-07-08,26,HOME AND KITCHEN I,9.0,3
890338,2014-05-16,4,SCHOOL AND OFFICE SUPPLIES,0.0,0
2676312,2017-02-14,51,GROCERY I,3919.0,34
1215014,2014-11-14,5,LAWN AND GARDEN,4.0,0
674919,2014-01-15,46,BEVERAGES,3461.0,0
2690493,2017-02-22,5,BEVERAGES,1823.0,15
897582,2014-05-20,43,HOME AND KITCHEN I,0.0,0
2481476,2016-10-27,35,DAIRY,98.0,10
21677,2013-01-13,17,PREPARED FOODS,66.0,0
567742,2013-11-15,39,EGGS,87.0,0
1735439,2015-09-03,52,BEAUTY,0.0,0
393569,2013-08-09,51,FROZEN FOODS,335.961,0
145778,2013-03-23,49,HOME APPLIANCES,2.0,0
1058688,2014-08-19,14,HOME AND KITCHEN I,0.0,0
358630,2013-07-21,21,LADIESWEAR,0.0,0
2636176,2017-01-23,26,BOOKS,0.0,0
2109812,2016-04-01,7,MAGAZINES,11.0,0
591097,2013-11-28,44,BABY CARE,0.0,0
1567943,2015-06-01,52,HARDWARE,0.0,0
2330466,2016-08-03,48,CELEBRATION,13.0,0
36596,2013-01-21,35,SEAFOOD,0.0,0
2022363,2016-02-12,52,MEATS,0.0,0
586512,2013-11-26,16,BEVERAGES,452.0,0
2698569,2017-02-27,26,PLAYERS AND ELECTRONICS,1.0,0
136240,2013-03-18,31,HOME AND KITCHEN II,0.0,0
2889454,2017-06-14,32,CLEANING,308.0,12
2843554,2017-05-19,44,EGGS,614.0,32
321187,2013-06-30,20,SCHOOL AND OFFICE SUPPLIES,0.0,0
129015,2013-03-14,29,HOME CARE,0.0,0
1507989,2015-04-29,20,LINGERIE,1.0,0
520730,2013-10-20,2,MAGAZINES,0.0,0
2051804,2016-02-29,29,PREPARED FOODS,74.064,0
2802132,2017-04-26,32,BEVERAGES,884.0,23
678371,2014-01-17,42,MAGAZINES,0.0,0
1790797,2015-10-04,6,LADIESWEAR,81.0,0
814352,2014-04-03,9,FROZEN FOODS,40.545,0
262676,2013-05-28,29,PREPARED FOODS,0.0,0
970624,2014-06-30,42,POULTRY,0.0,0
1108073,2014-09-15,49,SEAFOOD,114.37,0
720437,2014-02-10,23,HARDWARE,0.0,0
2703470,2017-03-02,14,FROZEN FOODS,57.0,3
2088462,2016-03-20,8,MEATS,455.838,0
979625,2014-07-05,45,LAWN AND GARDEN,27.0,0
1301573,2015-01-03,29,LAWN AND GARDEN,0.0,0
138793,2013-03-19,52,POULTRY,0.0,0
413665,2013-08-21,16,EGGS,229.0,0
1712946,2015-08-22,21,HOME AND KITCHEN I,100.0,0
495991,2013-10-06,26,BABY CARE,0.0,0
217319,2013-05-02,7,HARDWARE,0.0,0
2990234,2017-08-10,10,BREAD/BAKERY,72.0,6
2584381,2016-12-24,22,LADIESWEAR,0.0,0
2631904,2017-01-20,6,"LIQUOR,WINE,BEER",69.0,4
1827909,2015-10-25,47,CELEBRATION,67.0,0
1839932,2015-11-01,34,HOME APPLIANCES,2.0,0
1184369,2014-10-28,4,SEAFOOD,23.869999,0
135232,2013-03-17,52,SCHOOL AND OFFICE SUPPLIES,0.0,0
2471983,2016-10-22,19,LADIESWEAR,16.0,0
484307,2013-09-29,47,SEAFOOD,111.368004,0
1306446,2015-01-06,16,DELI,162.0,2
651011,2014-01-02,25,LAWN AND GARDEN,3.0,0
2247581,2016-06-18,22,HOME APPLIANCES,0.0,0
987248,2014-07-10,1,LAWN AND GARDEN,8.0,0
2964002,2017-07-26,24,DAIRY,1450.0,19
2753645,2017-03-30,21,PET SUPPLIES,3.0,0
2782572,2017-04-15,33,GROCERY I,2905.0,80
1008417,2014-07-21,53,BEVERAGES,1150.0,0
20154,2013-01-12,24,MEATS,426.618,0
213238,2013-04-30,41,PERSONAL CARE,115.0,0
2690029,2017-02-22,37,BABY CARE,0.0,0
1059190,2014-08-19,28,"LIQUOR,WINE,BEER",29.0,0
893874,2014-05-18,4,BEVERAGES,2055.0,0
836056,2014-04-16,18,BABY CARE,0.0,0
183416,2013-04-13,6,BEAUTY,7.0,0
1261130,2014-12-10,44,BEAUTY,8.0,0
2973327,2017-07-31,35,PLAYERS AND ELECTRONICS,0.0,0
2266869,2016-06-29,14,AUTOMOTIVE,0.0,0
2794104,2017-04-21,7,PLAYERS AND ELECTRONICS,11.0,0
2986057,2017-08-07,42,LADIESWEAR,11.0,0
430696,2013-08-30,43,GROCERY II,3.0,0
1891707,2015-11-30,37,HOME AND KITCHEN I,32.0,0
27894,2013-01-16,41,DELI,119.347,0
2574897,2016-12-18,7,CELEBRATION,47.0,1
2979640,2017-08-04,13,BOOKS,0.0,0
2296746,2016-07-15,51,GROCERY I,5130.0,57
63251,2013-02-05,33,MAGAZINES,0.0,0
1698370,2015-08-14,12,PERSONAL CARE,423.0,0
35750,2013-01-21,12,FROZEN FOODS,16.0,0
1648476,2015-07-17,12,PLAYERS AND ELECTRONICS,4.0,0
1594121,2015-06-16,37,MAGAZINES,4.0,0
2332090,2016-08-04,43,GROCERY II,2.0,0
1618368,2015-06-30,18,HOME AND KITCHEN I,28.0,0
1726585,2015-08-29,53,PERSONAL CARE,229.0,2
2662966,2017-02-07,27,SCHOOL AND OFFICE SUPPLIES,2.0,0
2815630,2017-05-04,11,BOOKS,0.0,0
1291874,2014-12-28,7,MAGAZINES,2.0,0
1041282,2014-08-09,26,AUTOMOTIVE,0.0,0
1985670,2016-01-23,23,PLAYERS AND ELECTRONICS,9.0,0
2189358,2016-05-16,39,CELEBRATION,7.0,0
1952258,2016-01-04,36,FROZEN FOODS,97.034996,2
634809,2013-12-23,20,LINGERIE,0.0,0
400520,2013-08-13,46,SEAFOOD,26.115,0
2582337,2016-12-23,15,LINGERIE,9.0,0
1912117,2015-12-12,1,SCHOOL AND OFFICE SUPPLIES,0.0,0
652878,2014-01-03,28,CELEBRATION,20.0,0
877908,2014-05-09,41,DELI,183.3938,0
2233194,2016-06-10,19,HOME CARE,131.0,3
493052,2013-10-04,42,SEAFOOD,0.0,0
47509,2013-01-27,41,"LIQUOR,WINE,BEER",0.0,0
1039944,2014-08-08,38,HOME AND KITCHEN I,0.0,0
97143,2013-02-24,34,MEATS,246.64099,0
454576,2013-09-13,14,BABY CARE,0.0,0
2121802,2016-04-08,43,BABY CARE,0.0,0
2600842,2017-01-03,34,GROCERY II,10.0,0
177146,2013-04-10,3,BEAUTY,11.0,0
1688799,2015-08-08,43,MEATS,158.053,0
2977788,2017-08-03,11,AUTOMOTIVE,8.0,0
2644525,2017-01-28,10,BOOKS,0.0,0
1179769,2014-10-26,11,LADIESWEAR,26.0,0
2971532,2017-07-30,35,HARDWARE,0.0,0
2166368,2016-05-03,43,HOME APPLIANCES,0.0,0
1418896,2015-03-10,20,POULTRY,275.164,2
1803113,2015-10-11,50,PET SUPPLIES,12.0,0
644819,2013-12-29,50,SEAFOOD,22.265,0
581455,2013-11-23,23,POULTRY,418.793,0
808398,2014-03-31,40,PRODUCE,1215.117,0
1646444,2015-07-15,6,DAIRY,934.0,2
584793,2013-11-25,18,AUTOMOTIVE,0.0,0
1165581,2014-10-18,13,LINGERIE,1.0,0
1336041,2015-01-22,46,BEVERAGES,1866.0,2
1337913,2015-01-23,48,PLAYERS AND ELECTRONICS,0.0,0
1669293,2015-07-28,46,LINGERIE,6.0,0
83535,2013-02-16,52,GROCERY I,0.0,0
1910490,2015-12-11,14,LINGERIE,6.0,0
922936,2014-06-03,54,PERSONAL CARE,188.0,0
1148840,2014-10-08,43,FROZEN FOODS,80.681,0
2838754,2017-05-17,1,POULTRY,318.311,0
437656,2013-09-03,39,EGGS,135.0,0
1262541,2014-12-11,33,PLAYERS AND ELECTRONICS,3.0,0
1867276,2015-11-16,51,BOOKS,0.0,0
151507,2013-03-27,10,BOOKS,0.0,0
2057636,2016-03-03,42,LAWN AND GARDEN,16.0,0
478012,2013-09-26,21,CLEANING,0.0,0
2325237,2016-07-31,50,MEATS,524.435,1
2578473,2016-12-20,7,HOME CARE,255.0,5
2935034,2017-07-10,11,HARDWARE,0.0,0
1156572,2014-10-13,10,LINGERIE,7.0,0
2019811,2016-02-11,31,GROCERY II,3.0,0
1724537,2015-08-28,46,MAGAZINES,0.0,0
973982,2014-07-02,37,LAWN AND GARDEN,13.0,2
841863,2014-04-19,30,AUTOMOTIVE,0.0,0
1380377,2015-02-16,4,LAWN AND GARDEN,5.0,0
1670491,2015-07-29,3,SCHOOL AND OFFICE SUPPLIES,0.0,0
2094558,2016-03-24,29,HOME AND KITCHEN I,13.0,0
45129,2013-01-26,25,HOME CARE,0.0,0
78692,2013-02-14,17,LAWN AND GARDEN,0.0,0
15351,2013-01-09,4,CELEBRATION,0.0,0
1467561,2015-04-06,36,HOME CARE,0.0,0
583966,2013-11-24,43,SCHOOL AND OFFICE SUPPLIES,0.0,0
1793013,2015-10-06,18,MEATS,79.371,0
10670,2013-01-06,9,FROZEN FOODS,105.998,0
26503,2013-01-15,52,BOOKS,0.0,0
2441915,2016-10-05,25,HARDWARE,0.0,0
2437760,2016-10-02,9,HOME APPLIANCES,0.0,0
2021547,2016-02-12,30,AUTOMOTIVE,0.0,0
1705449,2015-08-18,11,DELI,430.356,0
911321,2014-05-28,29,PET SUPPLIES,0.0,0
325790,2013-07-02,5,HARDWARE,0.0,0
2536183,2016-11-27,20,BABY CARE,2.0,0
1930839,2015-12-22,35,DELI,98.0,0
1016755,2014-07-26,37,PERSONAL CARE,220.0,1
1751343,2015-09-12,49,AUTOMOTIVE,13.0,0
1294939,2014-12-30,42,LADIESWEAR,0.0,0
2596376,2017-01-01,1,BEAUTY,0.0,0
1558868,2015-05-27,48,HARDWARE,0.0,0
482151,2013-09-28,37,LINGERIE,8.0,0
2185039,2016-05-14,18,EGGS,239.0,1
2791607,2017-04-20,37,BREAD/BAKERY,480.866,6
2172519,2016-05-07,16,PRODUCE,443.659,1
1683766,2015-08-05,52,CLEANING,0.0,0
2129724,2016-04-13,16,BEVERAGES,1287.0,3
1226372,2014-11-21,19,PET SUPPLIES,1.0,0
2111912,2016-04-03,16,FROZEN FOODS,41.0,1
1687611,2015-08-08,10,MEATS,173.524,0
2987273,2017-08-08,27,HARDWARE,1.0,0
1651544,2015-07-18,48,PET SUPPLIES,15.0,0
2661719,2017-02-06,42,BREAD/BAKERY,585.808,8
1109291,2014-09-16,33,PREPARED FOODS,58.0,0
625930,2013-12-18,21,LADIESWEAR,0.0,0
938828,2014-06-12,50,FROZEN FOODS,139.082,0
278410,2013-06-06,20,"LIQUOR,WINE,BEER",0.0,0
1221368,2014-11-18,29,BREAD/BAKERY,0.0,0
1678156,2015-08-02,45,CLEANING,3888.0,1
1996459,2016-01-29,26,PERSONAL CARE,128.0,0
744101,2014-02-23,37,HOME APPLIANCES,0.0,0
623526,2013-12-16,53,MEATS,0.0,0
227023,2013-05-08,29,HOME AND KITCHEN II,0.0,0
2914805,2017-06-28,43,HARDWARE,0.0,0
259786,2013-05-26,48,EGGS,286.0,0
611241,2013-12-10,1,HOME AND KITCHEN I,0.0,0
2266756,2016-06-29,10,LADIESWEAR,2.0,0
420152,2013-08-24,47,PREPARED FOODS,313.803,0
1463499,2015-04-04,22,HOME AND KITCHEN I,0.0,0
2930626,2017-07-07,37,POULTRY,348.401,31
1287568,2014-12-26,36,CLEANING,1445.0,3
2732972,2017-03-18,41,FROZEN FOODS,263.407,3
1116623,2014-09-20,4,BEAUTY,9.0,0
71070,2013-02-09,52,LINGERIE,0.0,0
1325654,2015-01-16,54,FROZEN FOODS,12.6970005,0
1299923,2015-01-02,32,LAWN AND GARDEN,0.0,0
1659689,2015-07-23,27,LAWN AND GARDEN,15.0,0
2211308,2016-05-28,54,FROZEN FOODS,69.731,14
804992,2014-03-29,45,MAGAZINES,2.0,0
169759,2013-04-06,22,CLEANING,0.0,0
1539051,2015-05-16,41,PRODUCE,6.0,0
1519382,2015-05-05,4,PREPARED FOODS,72.103,0
1788020,2015-10-03,28,HARDWARE,1.0,0
2266990,2016-06-29,17,"LIQUOR,WINE,BEER",20.0,0
1841031,2015-11-02,15,PLAYERS AND ELECTRONICS,2.0,0
8987,2013-01-06,11,FROZEN FOODS,50.0,0
2217702,2016-06-01,34,BEVERAGES,1950.0,17
2787580,2017-04-18,24,BOOKS,0.0,0
2236886,2016-06-12,22,HARDWARE,2.0,0
2019964,2016-02-11,36,BABY CARE,6.0,0
80974,2013-02-15,30,PERSONAL CARE,72.0,0
117060,2013-03-07,43,DELI,138.0,0
2596351,2016-12-31,9,EGGS,294.0,0
1140129,2014-10-03,49,GROCERY I,6288.0,6
2073148,2016-03-12,28,"LIQUOR,WINE,BEER",379.0,0
2308847,2016-07-22,41,BEAUTY,8.0,1
1579282,2015-06-08,21,BABY CARE,0.0,0
415831,2013-08-22,26,SCHOOL AND OFFICE SUPPLIES,0.0,0
2875309,2017-06-06,35,LADIESWEAR,0.0,0
1303400,2015-01-04,3,SEAFOOD,189.963,0
1996064,2016-01-29,15,PET SUPPLIES,0.0,0
2955149,2017-07-21,25,SEAFOOD,3.0,1
1807583,2015-10-14,27,DAIRY,912.0,3
1364691,2015-02-07,5,DELI,309.799,0
2623743,2017-01-16,27,GROCERY I,4055.0,59
1616826,2015-06-29,24,MEATS,387.328,0
2204198,2016-05-24,54,PREPARED FOODS,85.0,4
977542,2014-07-04,37,HOME AND KITCHEN II,2.0,0
424514,2013-08-27,20,BEAUTY,0.0,0
2971797,2017-07-30,42,HOME AND KITCHEN I,31.0,0
2705838,2017-03-03,30,BEVERAGES,1288.0,21
1492620,2015-04-20,39,PRODUCE,0.0,0
277757,2013-06-05,51,PREPARED FOODS,244.656,0
2448683,2016-10-09,15,HOME APPLIANCES,0.0,0
1304718,2015-01-05,17,PRODUCE,0.0,0
1168103,2014-10-19,34,BEAUTY,5.0,0
2023322,2016-02-13,3,PET SUPPLIES,34.0,0
1547617,2015-05-21,32,HOME AND KITCHEN II,3.0,0
2390805,2016-09-06,40,LINGERIE,5.0,0
864972,2014-05-02,29,DELI,0.0,0
918091,2014-06-01,19,SCHOOL AND OFFICE SUPPLIES,0.0,0
423474,2013-08-26,40,HOME CARE,0.0,0
1305807,2015-01-05,47,PRODUCE,5.0,0
1363464,2015-02-07,16,BEVERAGES,622.0,1
1008800,2014-07-22,14,MAGAZINES,0.0,0
1650444,2015-07-18,18,HOME AND KITCHEN I,11.0,0
2272440,2016-07-02,2,PLAYERS AND ELECTRONICS,9.0,0
10654,2013-01-06,8,POULTRY,358.15698,0
1183204,2014-10-27,8,"LIQUOR,WINE,BEER",110.0,0
13073,2013-01-08,26,BREAD/BAKERY,210.0,0
172274,2013-04-07,42,HARDWARE,0.0,0
133217,2013-03-16,46,PREPARED FOODS,177.286,0
943823,2014-06-15,40,MAGAZINES,0.0,0
328765,2013-07-04,33,LADIESWEAR,0.0,0
427100,2013-08-28,42,HARDWARE,0.0,0
1243395,2014-11-30,46,LINGERIE,9.0,0
2053154,2016-03-01,17,PET SUPPLIES,0.0,0
1673155,2015-07-30,54,"LIQUOR,WINE,BEER",37.0,2
237941,2013-05-14,35,FROZEN FOODS,11.0,0
2255029,2016-06-22,31,CLEANING,946.0,30
390581,2013-08-08,18,PET SUPPLIES,0.0,0
1631410,2015-07-07,33,"LIQUOR,WINE,BEER",7.0,0
1675457,2015-08-01,2,HARDWARE,3.0,0
2332965,2016-08-05,18,PRODUCE,892.486,2
2187404,2016-05-15,33,SEAFOOD,5.0,0
5000,2013-01-03,49,HOME APPLIANCES,0.0,0
2748773,2017-03-27,35,BREAD/BAKERY,85.0,4
1170993,2014-10-21,15,LINGERIE,1.0,0
576554,2013-11-20,36,FROZEN FOODS,14.0,0
493934,2013-10-05,18,MAGAZINES,0.0,0
320973,2013-06-30,15,HOME AND KITCHEN I,0.0,0
171618,2013-04-07,24,HOME CARE,0.0,0
2629804,2017-01-19,47,BABY CARE,0.0,0
2603867,2017-01-05,2,BEAUTY,5.0,1
2035563,2016-02-20,23,MEATS,344.677,0
76146,2013-02-12,45,HOME AND KITCHEN I,0.0,0
2729632,2017-03-16,48,BOOKS,0.0,0
284920,2013-06-09,52,SCHOOL AND OFFICE SUPPLIES,0.0,0
162205,2013-04-02,10,EGGS,35.0,0
2350537,2016-08-15,11,GROCERY II,7.0,0
2880336,2017-06-09,26,PRODUCE,603.736,0
1483758,2015-04-15,40,GROCERY I,4169.0,8
2433547,2016-09-30,4,POULTRY,598.228,40
1791997,2015-10-05,39,SCHOOL AND OFFICE SUPPLIES,17.0,0
2653524,2017-02-02,12,PLAYERS AND ELECTRONICS,6.0,0
1568471,2015-06-02,18,HARDWARE,0.0,0
1998426,2016-01-30,31,GROCERY I,4951.165,3
1351302,2015-01-31,24,HOME CARE,0.0,0
1671569,2015-07-30,10,LAWN AND GARDEN,0.0,0
1867706,2015-11-17,14,BREAD/BAKERY,199.0,0
1562275,2015-05-29,43,"LIQUOR,WINE,BEER",44.0,0
350214,2013-07-16,35,HOME CARE,0.0,0
2492746,2016-11-02,50,PERSONAL CARE,747.0,10
1943180,2015-12-30,31,DAIRY,1242.0,124
1027910,2014-08-01,5,PET SUPPLIES,0.0,0
419208,2013-08-24,21,DELI,0.0,0
2348661,2016-08-13,9,HOME CARE,400.0,5
2569400,2016-12-15,51,LAWN AND GARDEN,47.0,0
1517493,2015-05-04,37,LINGERIE,3.0,0
1154499,2014-10-11,51,PLAYERS AND ELECTRONICS,7.0,0
755337,2014-03-01,52,AUTOMOTIVE,0.0,0
1204301,2014-11-08,49,SEAFOOD,87.028,0
1007956,2014-07-21,40,BOOKS,0.0,0
383412,2013-08-04,17,HOME CARE,0.0,0
1764055,2015-09-19,6,CLEANING,1579.0,4
1125747,2014-09-25,45,HOME CARE,308.0,0
2968938,2017-07-29,12,PLAYERS AND ELECTRONICS,10.0,0
544014,2013-11-02,23,DELI,126.68,0
1879540,2015-11-23,45,PERSONAL CARE,565.0,2
1224644,2014-11-20,20,HARDWARE,0.0,0
373003,2013-07-29,25,BOOKS,0.0,0
1355905,2015-02-02,53,BABY CARE,0.0,0
1334531,2015-01-21,53,FROZEN FOODS,68.916,1
749902,2014-02-26,5,EGGS,99.0,0
1829701,2015-10-26,47,HOME AND KITCHEN II,39.0,0
1381672,2015-02-17,26,POULTRY,166.11101,0
1785672,2015-10-02,12,DELI,341.0,49
513297,2013-10-16,11,HOME AND KITCHEN I,0.0,0
617596,2013-12-13,38,BABY CARE,0.0,0
2551876,2016-12-06,10,LADIESWEAR,0.0,0
2698041,2017-02-27,11,PLAYERS AND ELECTRONICS,17.0,0
2763130,2017-04-04,38,CLEANING,939.0,9
78932,2013-02-14,23,PREPARED FOODS,31.0,0
333359,2013-07-07,12,PET SUPPLIES,0.0,0
2540908,2016-11-29,52,CLEANING,0.0,0
1479671,2015-04-13,26,HOME APPLIANCES,0.0,0
1921684,2015-12-17,28,POULTRY,234.368,0
834554,2014-04-15,25,HOME APPLIANCES,0.0,0
483950,2013-09-29,38,BREAD/BAKERY,886.993,0
135223,2013-03-17,52,"LIQUOR,WINE,BEER",0.0,0
2039152,2016-02-22,24,HOME AND KITCHEN II,72.0,1
130024,2013-03-14,8,BOOKS,0.0,0
1100328,2014-09-11,32,DELI,115.0,21
1173305,2014-10-22,3,MAGAZINES,15.0,0
1505138,2015-04-27,40,DAIRY,578.0,1
2567412,2016-12-14,46,GROCERY I,9404.0,136
1268127,2014-12-14,40,BEVERAGES,3575.0,1
2254786,2016-06-22,24,POULTRY,502.152,0
915238,2014-05-30,39,HOME AND KITCHEN II,0.0,0
1291758,2014-12-28,53,CELEBRATION,4.0,0
260585,2013-05-27,20,HOME APPLIANCES,0.0,0
1471039,2015-04-08,33,SCHOOL AND OFFICE SUPPLIES,0.0,0
182978,2013-04-13,42,PET SUPPLIES,0.0,0
2482126,2016-10-27,52,SCHOOL AND OFFICE SUPPLIES,0.0,0
2827935,2017-05-10,7,AUTOMOTIVE,4.0,0
2762898,2017-04-04,31,CELEBRATION,3.0,0
2357845,2016-08-19,16,POULTRY,75.708,12
71940,2013-02-10,28,AUTOMOTIVE,5.0,0
1067070,2014-08-23,49,HOME AND KITCHEN I,0.0,0
280422,2013-06-07,27,LINGERIE,5.0,0
1853448,2015-11-09,14,BEVERAGES,1259.0,0
2990526,2017-08-10,19,AUTOMOTIVE,5.0,0
2412537,2016-09-18,50,CELEBRATION,20.0,0
2229634,2016-06-08,19,"LIQUOR,WINE,BEER",13.0,1
1998923,2016-01-30,45,HARDWARE,1.0,0
2773514,2017-04-10,29,PREPARED FOODS,50.15,0
2320961,2016-07-29,31,BREAD/BAKERY,440.0,3
1974114,2016-01-16,49,LINGERIE,7.0,0
1786628,2015-10-02,39,DAIRY,457.0,3
522067,2013-10-20,8,CLEANING,1589.0,0
888630,2014-05-15,42,CELEBRATION,0.0,0
2463982,2016-10-17,44,BOOKS,0.0,0
536339,2013-10-28,8,MAGAZINES,0.0,0
1612571,2015-06-26,54,PET SUPPLIES,0.0,0
2661973,2017-02-06,49,POULTRY,933.902,0
2561067,2016-12-11,19,BEVERAGES,3158.0,44
2237056,2016-06-12,27,LADIESWEAR,23.0,0
1672287,2015-07-30,30,GROCERY I,1460.0,0
2982923,2017-08-05,54,LAWN AND GARDEN,0.0,0
2638150,2017-01-24,30,SCHOOL AND OFFICE SUPPLIES,0.0,0
806499,2014-03-30,38,GROCERY I,5998.0,0
911598,2014-05-28,37,CELEBRATION,0.0,0
1078555,2014-08-30,21,HOME AND KITCHEN II,0.0,0
595858,2013-12-01,28,EGGS,284.0,0
959148,2014-06-24,21,BEVERAGES,0.0,0
1940163,2015-12-28,46,PLAYERS AND ELECTRONICS,25.0,0
1132498,2014-09-29,35,BOOKS,0.0,0
1960412,2016-01-09,15,HARDWARE,0.0,0
116777,2013-03-07,35,MAGAZINES,0.0,0
2245911,2016-06-17,25,PRODUCE,1123.601,0
2544675,2016-12-01,9,GROCERY I,16818.836,111
1785658,2015-10-02,11,POULTRY,674.14197,20
1886174,2015-11-27,31,PET SUPPLIES,1.0,0
1444373,2015-03-24,35,PREPARED FOODS,23.0,0
129864,2013-03-14,52,DELI,0.0,0
2281878,2016-07-07,34,PLAYERS AND ELECTRONICS,8.0,0
865969,2014-05-02,7,HOME AND KITCHEN II,0.0,0
2896273,2017-06-18,23,POULTRY,286.962,1
1460856,2015-04-02,48,GROCERY I,7348.0,4
1343086,2015-01-26,43,LADIESWEAR,0.0,0
919786,2014-06-02,17,EGGS,205.0,0
1977619,2016-01-18,47,POULTRY,1179.053,1
2682972,2017-02-18,39,CELEBRATION,25.0,0
1543557,2015-05-19,19,HOME AND KITCHEN I,10.0,0
158153,2013-03-30,46,HOME APPLIANCES,5.0,0
1159405,2014-10-14,4,HOME AND KITCHEN II,8.0,0
96493,2013-02-24,17,BABY CARE,0.0,0
641968,2013-12-28,21,LADIESWEAR,0.0,0
2046041,2016-02-26,18,DAIRY,437.0,2
2996676,2017-08-13,40,GROCERY I,5364.0,58
1673676,2015-07-31,2,HOME AND KITCHEN I,19.0,0
1303136,2015-01-04,22,SEAFOOD,0.0,0
2992791,2017-08-11,31,LINGERIE,6.0,0
2188961,2016-05-16,28,BREAD/BAKERY,613.0,14
2244546,2016-06-16,37,HOME CARE,202.0,3
870365,2014-05-05,3,MAGAZINES,0.0,0
1546425,2015-05-20,49,GROCERY I,6092.0,13
2790411,2017-04-19,52,PRODUCE,0.0,0
1443214,2015-03-23,52,PERSONAL CARE,0.0,0
2888298,2017-06-13,5,CELEBRATION,20.0,0
2031058,2016-02-17,47,CLEANING,2073.0,0
1581630,2015-06-09,37,CELEBRATION,24.0,0
2614901,2017-01-11,29,HARDWARE,1.0,0
2947557,2017-07-17,12,PRODUCE,407.542,13
1961242,2016-01-09,38,LADIESWEAR,43.0,0
2757273,2017-04-01,23,MEATS,333.697,0
1557716,2015-05-27,16,HOME APPLIANCES,0.0,0
119286,2013-03-08,6,MEATS,555.313,0
2625353,2017-01-17,22,BREAD/BAKERY,119.0,5
578672,2013-11-21,45,HOME APPLIANCES,1.0,0
2099663,2016-03-27,22,BREAD/BAKERY,175.0,37
2031043,2016-02-17,46,PERSONAL CARE,549.0,1
2967270,2017-07-28,16,DELI,130.0,38
2748106,2017-03-27,16,SCHOOL AND OFFICE SUPPLIES,12.0,3
2470457,2016-10-21,26,FROZEN FOODS,71.196,0
1494718,2015-04-21,48,HOME AND KITCHEN II,14.0,1
1205207,2014-11-09,25,HARDWARE,2.0,0
31172,2013-01-18,33,LAWN AND GARDEN,0.0,0
2681472,2017-02-17,46,MEATS,2163.56,51
379803,2013-08-02,16,CELEBRATION,0.0,0
743691,2014-02-23,26,BEVERAGES,532.0,0
179789,2013-04-11,53,BREAD/BAKERY,0.0,0
836969,2014-04-16,42,MAGAZINES,0.0,0
1762761,2015-09-19,2,AUTOMOTIVE,8.0,0
460644,2013-09-16,33,PRODUCE,0.0,0
1683234,2015-08-05,38,BEVERAGES,2419.0,4
1133975,2014-09-30,26,PREPARED FOODS,11.0,0
838083,2014-04-17,24,HOME AND KITCHEN I,0.0,0
395978,2013-08-11,2,FROZEN FOODS,150.0,0
1746160,2015-09-09,52,SCHOOL AND OFFICE SUPPLIES,0.0,0
1277507,2014-12-19,53,FROZEN FOODS,508.513,3
847579,2014-04-22,40,CLEANING,982.0,0
1975379,2016-01-17,34,SEAFOOD,2.0,0
1729869,2015-08-31,46,DELI,922.587,1
2885223,2017-06-12,14,AUTOMOTIVE,6.0,0
2685299,2017-02-19,53,MAGAZINES,9.0,0
1241493,2014-11-29,43,AUTOMOTIVE,11.0,0
2716037,2017-03-09,17,BREAD/BAKERY,292.0,9
1029227,2014-08-02,37,MAGAZINES,0.0,0
1771549,2015-09-24,16,EGGS,84.0,1
1572517,2015-06-04,31,BABY CARE,0.0,0
185825,2013-04-15,23,BEAUTY,0.0,0
1655072,2015-07-20,47,MAGAZINES,2.0,0
387030,2013-08-06,19,CELEBRATION,0.0,0
2077923,2016-03-15,12,GROCERY I,2609.0,15
2757944,2017-04-01,42,BEAUTY,11.0,0
2431602,2016-09-29,35,PRODUCE,219.983,1
1461368,2015-04-03,12,PREPARED FOODS,0.0,0
2733351,2017-03-18,51,PLAYERS AND ELECTRONICS,23.0,0
870910,2014-05-05,45,CLEANING,2410.0,0
105683,2013-03-01,24,HOME APPLIANCES,0.0,0
510214,2013-10-14,25,BABY CARE,0.0,0
1569095,2015-06-02,35,FROZEN FOODS,63.0,0
822573,2014-04-08,39,HOME AND KITCHEN I,0.0,0
1941325,2015-12-29,3,BABY CARE,0.0,0
219492,2013-05-04,18,DELI,200.172,0
2276002,2016-07-04,2,PERSONAL CARE,295.0,9
2935402,2017-07-10,21,LADIESWEAR,2.0,0
499965,2013-10-08,37,HOME AND KITCHEN I,0.0,0
2044138,2016-02-25,14,LADIESWEAR,0.0,0
299226,2013-06-17,54,HOME AND KITCHEN I,0.0,0
1647528,2015-07-16,36,BEVERAGES,2264.0,2
2388680,2016-09-05,31,DAIRY,715.0,1
20112,2013-01-12,23,HOME AND KITCHEN I,0.0,0
1514952,2015-05-03,16,LINGERIE,10.0,0
1714443,2015-08-23,13,PLAYERS AND ELECTRONICS,3.0,0
1844604,2015-11-04,16,BEVERAGES,1679.0,1
1640385,2015-07-12,35,LINGERIE,1.0,0
1525498,2015-05-09,12,CLEANING,0.0,0
1983391,2016-01-22,1,PERSONAL CARE,139.0,0
929198,2014-06-07,30,HOME APPLIANCES,0.0,0
1201531,2014-11-07,22,BABY CARE,0.0,0
279808,2013-06-07,10,BABY CARE,0.0,0
1657230,2015-07-21,9,BEVERAGES,2442.0,2
1958522,2016-01-08,12,BREAD/BAKERY,153.0,0
2653481,2017-02-02,11,HOME APPLIANCES,0.0,0
2675134,2017-02-14,19,"LIQUOR,WINE,BEER",24.0,1
2457097,2016-10-13,50,HOME AND KITCHEN II,43.0,1
2778627,2017-04-13,22,PLAYERS AND ELECTRONICS,5.0,0
687558,2014-01-22,50,BEVERAGES,2825.0,0
380705,2013-08-02,40,HOME APPLIANCES,0.0,0
2800478,2017-04-25,35,SEAFOOD,0.0,0
93654,2013-02-22,37,AUTOMOTIVE,0.0,0
1712179,2015-08-21,5,CLEANING,832.0,3
536990,2013-10-29,26,HARDWARE,1.0,0
133446,2013-03-16,52,PLAYERS AND ELECTRONICS,0.0,0
1004634,2014-07-19,47,HOME AND KITCHEN I,119.0,0
1266391,2014-12-13,41,HOME AND KITCHEN II,32.0,0
1240488,2014-11-29,15,HOME CARE,301.0,0
786616,2014-03-19,3,POULTRY,1229.358,0
1089022,2014-09-05,15,"LIQUOR,WINE,BEER",17.0,0
389100,2013-08-07,26,PRODUCE,1.0,0
836967,2014-04-16,42,LINGERIE,0.0,0
2150391,2016-04-24,45,GROCERY I,16067.0,52
2514631,2016-11-15,15,SCHOOL AND OFFICE SUPPLIES,0.0,0
71091,2013-02-09,53,DELI,0.0,0
2423882,2016-09-25,19,SEAFOOD,2.0,0
2209491,2016-05-27,53,DELI,487.79,63
1324278,2015-01-16,16,LINGERIE,3.0,0
1962460,2016-01-10,22,HOME AND KITCHEN II,17.0,0
919397,2014-06-01,6,HOME APPLIANCES,1.0,0
2493010,2016-11-02,9,PERSONAL CARE,842.0,8
1696220,2015-08-12,51,LAWN AND GARDEN,10.0,1
2022896,2016-02-13,18,PREPARED FOODS,59.0,0
2541001,2016-11-29,6,BABY CARE,0.0,0
749033,2014-02-26,25,SEAFOOD,2.0,0
1789441,2015-10-04,18,HOME AND KITCHEN II,16.0,0
1688345,2015-08-08,30,SEAFOOD,0.0,0
434943,2013-09-02,13,BEVERAGES,697.0,0
1653006,2015-07-19,4,BEVERAGES,3602.0,5
848522,2014-04-23,17,PET SUPPLIES,0.0,0
502051,2013-10-09,45,"LIQUOR,WINE,BEER",85.0,0
165350,2013-04-03,48,LAWN AND GARDEN,3.0,0
404320,2013-08-15,53,BOOKS,0.0,0
1049790,2014-08-14,14,PLAYERS AND ELECTRONICS,0.0,0
1008118,2014-07-21,45,BABY CARE,0.0,0
2151997,2016-04-25,40,BABY CARE,0.0,0
42811,2013-01-25,10,EGGS,14.0,0
2792570,2017-04-21,14,FROZEN FOODS,64.0,4
2012494,2016-02-07,26,"LIQUOR,WINE,BEER",16.0,0
1169160,2014-10-20,14,BEVERAGES,1254.0,0
734184,2014-02-18,1,AUTOMOTIVE,7.0,0
1992260,2016-01-26,9,HOME APPLIANCES,1.0,0
1510985,2015-04-30,54,HARDWARE,0.0,0
8683,2013-01-05,52,BOOKS,0.0,0
2645520,2017-01-28,38,DELI,220.767,9
2797724,2017-04-23,9,HOME APPLIANCES,0.0,0
779187,2014-03-15,21,MEATS,0.0,0
2460066,2016-10-15,34,HOME AND KITCHEN I,25.0,0
669892,2014-01-12,54,PERSONAL CARE,264.0,0
207671,2013-04-27,36,BEAUTY,0.0,0
2659864,2017-02-05,4,SCHOOL AND OFFICE SUPPLIES,0.0,0
1369574,2015-02-10,37,DAIRY,867.0,1
351683,2013-07-17,27,BEAUTY,2.0,0
18424,2013-01-11,26,EGGS,47.0,0
1378908,2015-02-15,49,BEVERAGES,3578.0,1
210240,2013-04-28,8,PRODUCE,4.0,0
1725610,2015-08-29,27,CLEANING,1021.0,1
1289110,2014-12-27,29,SCHOOL AND OFFICE SUPPLIES,0.0,0
313511,2013-06-25,6,FROZEN FOODS,111.0,0
1827386,2015-10-25,32,FROZEN FOODS,20.0,0
2848590,2017-05-22,35,PRODUCE,270.479,2
2108294,2016-04-01,14,MAGAZINES,1.0,0
1826529,2015-10-24,9,GROCERY I,6510.654,1
1971742,2016-01-15,32,PERSONAL CARE,88.0,0
705952,2014-02-02,17,HOME AND KITCHEN II,0.0,0
1154374,2014-10-11,49,BABY CARE,0.0,0
2298985,2016-07-17,15,CLEANING,651.0,22
364079,2013-07-24,24,MAGAZINES,0.0,0
938749,2014-06-12,48,SCHOOL AND OFFICE SUPPLIES,0.0,0
634203,2013-12-22,53,DELI,0.0,0
1624595,2015-07-03,42,BREAD/BAKERY,0.0,0
845808,2014-04-21,40,HOME CARE,0.0,0
1929643,2015-12-21,51,BABY CARE,0.0,0
163015,2013-04-02,32,POULTRY,88.16,0
264567,2013-05-29,32,CELEBRATION,0.0,0
1542705,2015-05-18,44,LINGERIE,15.0,0
602455,2013-12-05,13,CLEANING,544.0,0
1718509,2015-08-25,28,BABY CARE,0.0,0
335159,2013-07-08,13,FROZEN FOODS,13.0,0
218233,2013-05-03,32,BOOKS,0.0,0
141145,2013-03-21,2,BOOKS,0.0,0
1273416,2014-12-17,39,GROCERY I,4348.738,3
255231,2013-05-24,20,DELI,0.0,0
849673,2014-04-23,49,"LIQUOR,WINE,BEER",168.0,0
104031,2013-02-28,28,HOME AND KITCHEN I,0.0,0
2533808,2016-11-25,53,BEAUTY,4.0,0
496804,2013-10-06,48,"LIQUOR,WINE,BEER",0.0,0
2818491,2017-05-05,40,PLAYERS AND ELECTRONICS,10.0,0
1149634,2014-10-09,16,GROCERY II,2.0,0
130484,2013-03-15,20,BEAUTY,0.0,0
2337261,2016-08-07,39,BEVERAGES,3442.0,24
2765957,2017-04-06,17,PREPARED FOODS,68.0,0
6284,2013-01-04,35,HARDWARE,1.0,0
1459316,2015-04-01,54,MAGAZINES,0.0,0
2191345,2016-05-17,44,GROCERY II,74.0,0
33444,2013-01-19,47,HOME AND KITCHEN I,0.0,0
2675995,2017-02-14,42,PERSONAL CARE,128.0,9
1576800,2015-06-06,50,PLAYERS AND ELECTRONICS,25.0,0
659344,2014-01-07,1,BOOKS,0.0,0
1166811,2014-10-18,47,PRODUCE,7198.295,0
1233131,2014-11-24,9,LAWN AND GARDEN,3.0,0
2087897,2016-03-20,41,LAWN AND GARDEN,12.0,0
2333880,2016-08-05,43,LINGERIE,4.0,0
1013483,2014-07-24,45,LAWN AND GARDEN,8.0,0
1817447,2015-10-19,53,BREAD/BAKERY,373.879,1
2070772,2016-03-11,11,"LIQUOR,WINE,BEER",35.0,0
2084610,2016-03-18,5,AUTOMOTIVE,9.0,0
2744468,2017-03-25,14,MAGAZINES,4.0,0
2966908,2017-07-27,6,EGGS,140.0,0
773727,2014-03-12,19,DELI,171.0,0
869859,2014-05-05,16,GROCERY I,2991.0,0
533437,2013-10-27,26,PERSONAL CARE,149.0,0
2621446,2017-01-15,12,PERSONAL CARE,253.0,11
2107989,2016-03-31,6,HOME AND KITCHEN I,12.0,0
1176648,2014-10-24,24,AUTOMOTIVE,1.0,0
1947435,2016-01-01,50,CELEBRATION,0.0,0
2375408,2016-08-29,1,BEAUTY,2.0,0
536222,2013-10-28,54,BREAD/BAKERY,238.0,0
2196207,2016-05-20,30,MEATS,36.831,0
78988,2013-02-14,25,LADIESWEAR,0.0,0
1499318,2015-04-24,27,PREPARED FOODS,71.558,1
254123,2013-05-23,39,MAGAZINES,0.0,0
1507713,2015-04-29,13,DELI,215.0,1
1572178,2015-06-04,21,PERSONAL CARE,0.0,0
2463340,2016-10-17,26,"LIQUOR,WINE,BEER",9.0,0
2604458,2017-01-05,35,SEAFOOD,0.0,0
1721955,2015-08-27,24,HOME AND KITCHEN I,7.0,0
2000780,2016-01-31,47,MAGAZINES,19.0,0
2050360,2016-02-28,39,BOOKS,0.0,0
2177709,2016-05-10,12,CELEBRATION,7.0,0
748995,2014-02-26,24,PLAYERS AND ELECTRONICS,0.0,0
1171353,2014-10-21,25,HOME CARE,61.0,1
1948599,2016-01-02,33,HOME AND KITCHEN I,52.0,0
2710535,2017-03-06,12,HARDWARE,1.0,0
2122494,2016-04-09,13,AUTOMOTIVE,20.0,0
2634084,2017-01-22,17,MEATS,309.29,0
1014542,2014-07-25,25,MAGAZINES,7.0,0
567426,2013-11-15,3,MEATS,891.224,0
391795,2013-08-08,51,LADIESWEAR,0.0,0
528666,2013-10-24,42,CELEBRATION,0.0,0
972325,2014-07-01,40,GROCERY II,10.0,0
965562,2014-06-27,50,HOME AND KITCHEN I,0.0,0
1969618,2016-01-14,23,GROCERY II,23.0,0
2395957,2016-09-09,35,PERSONAL CARE,50.0,5
2285487,2016-07-09,36,CELEBRATION,16.0,0
2644205,2017-01-27,50,HARDWARE,0.0,0
2648336,2017-01-30,17,LAWN AND GARDEN,0.0,0
2035914,2016-02-20,33,GROCERY I,3370.0,56
1612972,2015-06-27,16,SCHOOL AND OFFICE SUPPLIES,0.0,0
216586,2013-05-02,36,CLEANING,0.0,0
1540561,2015-05-17,34,"LIQUOR,WINE,BEER",0.0,0
2510739,2016-11-12,7,AUTOMOTIVE,1.0,0
681348,2014-01-19,26,PRODUCE,752.501,0
2226384,2016-06-06,28,CELEBRATION,5.0,0
727250,2014-02-14,14,PREPARED FOODS,33.0,0
325579,2013-07-02,44,BABY CARE,0.0,0
1137820,2014-10-02,34,GROCERY II,1.0,0
976925,2014-07-04,2,PET SUPPLIES,10.0,0
2324984,2016-07-31,44,BEAUTY,22.0,1
1830822,2015-10-27,29,HOME AND KITCHEN I,12.0,0
728537,2014-02-14,5,PREPARED FOODS,86.738,0
153619,2013-03-28,2,BOOKS,0.0,0
900934,2014-05-22,38,BABY CARE,0.0,0
2553386,2016-12-06,52,FROZEN FOODS,0.0,0
1645726,2015-07-15,35,HOME AND KITCHEN II,8.0,1
77898,2013-02-13,44,HOME CARE,0.0,0
560136,2013-11-11,25,PLAYERS AND ELECTRONICS,0.0,0
2576630,2016-12-19,54,MAGAZINES,2.0,0
1660558,2015-07-23,50,SCHOOL AND OFFICE SUPPLIES,1.0,0
1407376,2015-03-03,47,PERSONAL CARE,842.0,0
736165,2014-02-19,15,BABY CARE,0.0,0
2360850,2016-08-20,5,PRODUCE,1470.151,6
2428848,2016-09-27,9,HOME AND KITCHEN I,69.0,0
1919669,2015-12-16,21,PET SUPPLIES,1.0,0
62952,2013-02-05,25,LINGERIE,22.0,0
1183364,2014-10-28,12,HOME APPLIANCES,0.0,0
611907,2013-12-10,28,LINGERIE,13.0,0
1476020,2015-04-11,23,PREPARED FOODS,51.117,0
1941348,2015-12-29,3,MEATS,788.421,0
2198986,2016-05-21,9,SCHOOL AND OFFICE SUPPLIES,7.0,0
1229796,2014-11-23,15,HOME CARE,207.0,0
2518456,2016-11-17,22,POULTRY,92.630005,0
2417589,2016-09-21,42,DELI,132.602,0
669590,2014-01-12,46,LAWN AND GARDEN,6.0,0
2656800,2017-02-03,54,BEVERAGES,1815.0,25
1591563,2015-06-15,16,CELEBRATION,4.0,0
1042320,2014-08-09,54,HOME AND KITCHEN I,0.0,0
2784956,2017-04-16,5,LAWN AND GARDEN,2.0,0
2468662,2016-10-20,25,SCHOOL AND OFFICE SUPPLIES,0.0,0
2426389,2016-09-26,39,SCHOOL AND OFFICE SUPPLIES,3.0,0
2056226,2016-03-02,52,PREPARED FOODS,0.0,0
2127054,2016-04-11,40,CELEBRATION,2.0,0
1259937,2014-12-10,10,PRODUCE,241.471,2
482789,2013-09-28,54,SEAFOOD,0.0,0
895224,2014-05-19,28,AUTOMOTIVE,8.0,0
840290,2014-04-18,36,FROZEN FOODS,119.0,0
1798910,2015-10-09,33,HARDWARE,0.0,0
316937,2013-06-27,51,BREAD/BAKERY,708.071,0
2110937,2016-04-02,38,PET SUPPLIES,10.0,0
468081,2013-09-20,42,DELI,0.0,0
1223704,2014-11-19,43,SCHOOL AND OFFICE SUPPLIES,0.0,0
277083,2013-06-05,33,HOME AND KITCHEN I,0.0,0
2517855,2016-11-16,6,LINGERIE,2.0,0
280685,2013-06-07,34,LAWN AND GARDEN,0.0,0
1238557,2014-11-28,11,BABY CARE,0.0,0
462651,2013-09-17,4,MEATS,253.649,0
2321519,2016-07-29,47,BEAUTY,15.0,2
298143,2013-06-17,24,LINGERIE,20.0,0
2431913,2016-09-29,44,FROZEN FOODS,395.123,3
1652059,2015-07-19,13,GROCERY II,16.0,0
1307332,2015-01-06,40,BOOKS,0.0,0
241321,2013-05-16,3,PERSONAL CARE,290.0,0
2991615,2017-08-10,49,AUTOMOTIVE,10.0,0
1353932,2015-02-01,48,DAIRY,2898.0,3
2873618,2017-06-05,38,FROZEN FOODS,130.253,1
1391968,2015-02-23,15,POULTRY,120.11,0
415463,2013-08-22,16,PET SUPPLIES,0.0,0
1946783,2016-01-01,32,HARDWARE,0.0,0
1512318,2015-05-01,41,PLAYERS AND ELECTRONICS,0.0,0
787630,2014-03-19,9,LADIESWEAR,9.0,0
1091498,2014-09-06,34,MAGAZINES,2.0,0
1764236,2015-09-20,10,MAGAZINES,0.0,0
663808,2014-01-09,34,GROCERY II,5.0,0
1556534,2015-05-26,32,MAGAZINES,0.0,0
2836835,2017-05-15,6,MAGAZINES,3.0,0
1107100,2014-09-15,22,HOME AND KITCHEN II,0.0,0
547149,2013-11-04,11,DELI,328.368,0
2340521,2016-08-09,3,PREPARED FOODS,275.601,0
1976444,2016-01-18,15,DAIRY,392.0,3
1591860,2015-06-15,24,CELEBRATION,19.0,0
665113,2014-01-10,20,SCHOOL AND OFFICE SUPPLIES,0.0,0
2906129,2017-06-23,5,HOME APPLIANCES,2.0,0
2332570,2016-08-04,7,SCHOOL AND OFFICE SUPPLIES,1.0,0
1883859,2015-11-26,17,LINGERIE,3.0,0
359676,2013-07-21,50,DELI,441.196,0
2532871,2016-11-25,27,"LIQUOR,WINE,BEER",194.0,6
1277137,2014-12-19,43,BOOKS,0.0,0
2739349,2017-03-22,20,LADIESWEAR,12.0,0
2420282,2016-09-23,18,PREPARED FOODS,0.0,0
2275449,2016-07-03,54,AUTOMOTIVE,16.0,0
2734023,2017-03-19,21,CELEBRATION,5.0,0
2663958,2017-02-07,6,AUTOMOTIVE,3.0,0
1193091,2014-11-02,35,DELI,147.0,0
1091017,2014-09-06,21,BOOKS,0.0,0
2481243,2016-10-27,29,CELEBRATION,12.0,0
1213246,2014-11-13,50,BABY CARE,0.0,0
596246,2013-12-01,39,BEAUTY,4.0,0
1339966,2015-01-24,7,BABY CARE,0.0,0
958371,2014-06-23,49,HOME CARE,0.0,0
695435,2014-01-27,21,PET SUPPLIES,0.0,0
756073,2014-03-02,23,EGGS,41.0,0
1571394,2015-06-03,5,AUTOMOTIVE,3.0,0
191217,2013-04-18,24,HOME AND KITCHEN I,0.0,0
1872205,2015-11-19,4,HOME AND KITCHEN II,27.0,1
755325,2014-03-01,51,LINGERIE,12.0,0
1957841,2016-01-07,42,HOME APPLIANCES,1.0,0
306367,2013-06-21,54,POULTRY,20.208,0
426201,2013-08-28,18,CELEBRATION,0.0,0
